Workbook

Sheet Dashboard
A1: INSTITUDE FEE MANAGEMENT SYSTEM
N8: Enter Class : | S8: Enter Roll No. :
N9: Python | S9: C8-002
N12: Total Students : | S12: Student Name :
N13: =CHOOSE(MATCH(Dashboard!N9,{"Cloud Computing","Data Analyst","Machine Learning","AI","Cyber Security","DEV-OPS","Full Stack Development","Python"},0),'Cloud Computing'!C1,'Data Analyst'!C1,'Machine Learning'!C1,AI!C1,'Cyber Security'!C1,'DEV-OPS'!C1,'Full Stack Development'!C1,Python!C1) -> 17 | S13: =IFERROR( CHOOSE(MATCH(N9,{"Cloud Computing","Data Analyst","Machine learning","AI","Cyber Security","DEV-OPS","Full Stack Development","Python"},0),VLOOKUP(Dashboard!S9,Table1[[Roll No.]:[Total Fee Due ]],2,FALSE),VLOOKUP(S9,Table13[[Roll No.]:[Total Fee Due ]],2,FALSE),VLOOKUP(Dashboard!S9,Table134[[Roll No.]:[Total Fee Due ]],2,FALSE),VLOOKUP(Dashboard!S9,Table135[[Roll No.]:[Total Fee Due ]],2,FALSE),VLOOKUP(Dashboard!S9,Table136[[Roll No.]:[Total Fee Due ]],2,FALSE),VLOOKUP(Dashboard!S9,Table137[[Roll No.]:[Total Fee Due ]],2,FALSE),VLOOKUP(Dashboard!S9,Table138[[Roll No.]:[Total Fee Due ]],2,FALSE),VLOOKUP(Dashboard!S9,Table139[[Roll No.]:[Total Fee Due ]],2,FALSE))," ") -> Ankita Salunkhe
N16: Total Fee : | S16: Total Fee Receive :
N17: =CHOOSE(MATCH(N9,{"Cloud Computing","Data Analyst","Machine Learning","AI","Cyber Security","DEV-OPS","Full Stack Development","Python"},0),'Cloud Computing'!D1,'Data Analyst'!D1,'Machine Learning'!D1,AI!D1,'Cyber Security'!D1,'DEV-OPS'!D1,'Full Stack Development'!D1,Python!D1) -> 153000 | S17: =IFERROR(CHOOSE(MATCH(N9,{"Cloud Computing","Data Analyst","Machine learning","AI","Cyber Security","DEV-OPS","Full Stack Development","Python"},0),VLOOKUP(S9,Table1[[Roll No.]:[Total Fee Due ]],6,FALSE),VLOOKUP(Dashboard!S9,Table13[[Roll No.]:[Total Fee Due ]],6,FALSE),VLOOKUP(Dashboard!S9,Table134[[Roll No.]:[Total Fee Due ]],6,FALSE),VLOOKUP(Dashboard!S9,Table135[[Roll No.]:[Total Fee Due ]],6,FALSE),VLOOKUP(Dashboard!S9,Table136[[Roll No.]:[Total Fee Due ]],6,FALSE),VLOOKUP(Dashboard!S9,Table137[[Roll No.]:[Total Fee Due ]],6,FALSE),VLOOKUP(Dashboard!S9,Table138[[Roll No.]:[Total Fee Due ]],6,FALSE),VLOOKUP(Dashboard!S9,Table139[[Roll No.]:[Total Fee Due ]],6,FALSE))," ") -> 9000
N20: Total Fee Due : | S20: Total Due :
N21: =CHOOSE(MATCH(N9,{"Cloud Computing","Data Analyst","Machine learning"," AI","Cyber Security","DEV-OPS","Full Stack Development","Python"},0),'Cloud Computing'!H1,'Data Analyst'!H1,'Machine Learning'!H1,AI!H1,'Cyber Security'!H1,'DEV-OPS'!H1,'Full Stack Development'!H1,Python!H1) -> 9000 | S21: =IFERROR(CHOOSE(MATCH(N9,{"Cloud Computing","Data Analyst","Machine learning","AI","Cyber Security","DEV-OPS","Full Stack Development","Python"},0),VLOOKUP(S9,Table1[[Roll No.]:[Total Fee Due ]],8,FALSE),VLOOKUP(Dashboard!S9,Table13[[Roll No.]:[Total Fee Due ]],8,FALSE),VLOOKUP(Dashboard!S9,Table134[[Roll No.]:[Total Fee Due ]],8,FALSE),VLOOKUP(Dashboard!S9,Table135[[Roll No.]:[Total Fee Due ]],8,FALSE),VLOOKUP(Dashboard!S9,Table136[[Roll No.]:[Total Fee Due ]],8,FALSE),VLOOKUP(Dashboard!S9,Table137[[Roll No.]:[Total Fee Due ]],8,FALSE),VLOOKUP(Dashboard!S9,Table138[[Roll No.]:[Total Fee Due ]],8,FALSE),VLOOKUP(Dashboard!S9,Table139[[Roll No.]:[Total Fee Due ]],8,FALSE))," ") -> 0

Sheet Cloud Computing
A1: Cloud Computing | B1: Total No. of Student & Fee | C1: =COUNTA(A3:A25) -> 23 | D1: =SUM(D3:D25)*7 -> 563500 | F1: =SUM(F3:F25) -> 353500 | H1: =SUM(H3:H25) -> 210000 | N1: Dashboard
A2: Roll No. | B2: Student Name | C2: DOB | D2: Monthly Fee | E2: Total Paid Monthly | F2: Total Fee Receive | G2: Total Due Month | H2: Total Fee Due | I2: FEB | J2: MAR | K2: APR | L2: MAY | M2: JUN | N2: JUL | O2: AUG
A3: C1-001 | B3: Aarav Sharma | C3: 38788 | D3: 3500 | E3: 7 | F3: =D3*E3 -> 24500 | G3: =7-E3 -> 0 | H3: =D3*G3 -> 0 | I3: Paid | J3: Paid | K3: Paid | L3: Paid | M3: Paid | N3: Paid | O3: Paid
A4: C1-002 | B4: Aditi Patil | C4: 38558 | D4: 3500 | E4: 4 | F4: =D4*E4 -> 14000 | G4: =7-E4 -> 3 | H4: =D4*G4 -> 10500 | I4: Paid | J4: Paid | K4: Paid | L4: Paid | M4: Due | N4: Due | O4: Due
A5: C1-003 | B5: Rohan Mehta | C5: 39100 | D5: 3500 | E5: 2 | F5: =D5*E5 -> 7000 | G5: =7-E5 -> 5 | H5: =D5*G5 -> 17500 | I5: Paid | J5: Paid | K5: Due | L5: Due | M5: Due | N5: Due | O5: Due
A6: C1-004 | B6: Sneha Kulkarni | C6: 39030 | D6: 3500 | E6: 5 | F6: =D6*E6 -> 17500 | G6: =7-E6 -> 2 | H6: =D6*G6 -> 7000 | I6: Paid | J6: Paid | K6: Paid | L6: Paid | M6: Paid | N6: Due | O6: Due
A7: C1-005 | B7: Kunal Verma | C7: 38502 | D7: 3500 | E7: 4 | F7: =D7*E7 -> 14000 | G7: =7-E7 -> 3 | H7: =D7*G7 -> 10500 | I7: Paid | J7: Paid | K7: Paid | L7: Paid | M7: Due | N7: Due | O7: Due
A8: C1-006 | B8: Pooja Deshmukh | C8: 38943 | D8: 3500 | E8: 5 | F8: =D8*E8 -> 17500 | G8: =7-E8 -> 2 | H8: =D8*G8 -> 7000 | I8: Paid | J8: Paid | K8: Paid | L8: Paid | M8: Paid | N8: Due | O8: Due
A9: C1-007 | B9: Sarthak Joshi | C9: 39115 | D9: 3500 | E9: 6 | F9: =D9*E9 -> 21000 | G9: =7-E9 -> 1 | H9: =D9*G9 -> 3500 | I9: Paid | J9: Paid | K9: Paid | L9: Paid | M9: Paid | N9: Paid | O9: Due
A10: C1-008 | B10: Neha Chavan | C10: 38616 | D10: 3500 | E10: 3 | F10: =D10*E10 -> 10500 | G10: =7-E10 -> 4 | H10: =D10*G10 -> 14000 | I10: Paid | J10: Paid | K10: Paid | L10: Paid | M10: Due | N10: Due | O10: Due
A11: C1-009 | B11: Aditya Singh | C11: 38818 | D11: 3500 | E11: 2 | F11: =D11*E11 -> 7000 | G11: =7-E11 -> 5 | H11: =D11*G11 -> 17500 | I11: Paid | J11: Paid | K11: Paid | L11: Due | M11: Due | N11: Due | O11: Due
A12: C1-010 | B12: Riya Nair | C12: 39443 | D12: 3500 | E12: 4 | F12: =D12*E12 -> 14000 | G12: =7-E12 -> 3 | H12: =D12*G12 -> 10500 | I12: Paid | J12: Paid | K12: Paid | L12: Paid | M12: Due | N12: Due | O12: Due
A13: C1-011 | B13: Aman Gupta | C13: 38508 | D13: 3500 | E13: 5 | F13: =D13*E13 -> 17500 | G13: =7-E13 -> 2 | H13: =D13*G13 -> 7000 | I13: Paid | J13: Paid | K13: Paid | L13: Paid | M13: Paid | N13: Due | O13: Due
A14: C1-012 | B14: Kavya Iyer | C14: 39009 | D14: 3500 | E14: 6 | F14: =D14*E14 -> 21000 | G14: =7-E14 -> 1 | H14: =D14*G14 -> 3500 | I14: Paid | J14: Paid | K14: Paid | L14: Paid | M14: Paid | N14: Paid | O14: Due
... A25: C1-023 | B25: Nisha Reddy | C25: 39003 | D25: 3500 | E25: 3 | F25: =D25*E25 -> 10500 | G25: =7-E25 -> 4 | H25: =D25*G25 -> 14000 | I25: Paid | J25: Paid | K25: Paid | L25: Due | M25: Due | N25: Due | O25: Due

Sheet Data Analyst
A1: Data Analyst | B1: Total No. of Student & Fee | C1: =COUNTA(A3:A24) -> 22 | D1: =SUM(D3:D24)*6 -> 462000 | F1: =SUM(F3:F24) -> 252000 | H1: =SUM(H3:H24) -> 210000 | M1: Dashboard
A2: Roll No. | B2: Student Name | C2: DOB | D2: Monthly Fee | E2: Total Paid Monthly | F2: Total Fee Receive | G2: Total Due Month | H2: Total Fee Due | I2: FEB | J2: MAR | K2: APR | L2: MAY | M2: JUN | N2: JUL
A3: C2-001 | B3: Varun Kapoor | C3: 39003 | D3: 3500 | E3: 5 | F3: =D3*E3 -> 17500 | G3: =6-E3 -> 1 | H3: =D3*G3 -> 3500 | I3: Paid | J3: Paid | K3: Paid | L3: Paid | M3: Paid | N3: Due
A4: C2-002 | B4: Shreya Gokhale | C4: 39423 | D4: 3500 | E4: 2 | F4: =D4*E4 -> 7000 | G4: =6-E4 -> 4 | H4: =D4*G4 -> 14000 | I4: Paid | J4: Paid | K4: Due | L4: Due | M4: Due | N4: Due
A5: C2-003 | B5: Mohit Soni | C5: 38523 | D5: 3500 | E5: 3 | F5: =D5*E5 -> 10500 | G5: =6-E5 -> 3 | H5: =D5*G5 -> 10500 | I5: Paid | J5: Paid | K5: Paid | L5: Due | M5: Due | N5: Due
A6: C2-004 | B6: Isha Pandey | C6: 38963 | D6: 3500 | E6: 4 | F6: =D6*E6 -> 14000 | G6: =6-E6 -> 2 | H6: =D6*G6 -> 7000 | I6: Paid | J6: Paid | K6: Paid | L6: Paid | M6: Due | N6: Due
A7: C2-005 | B7: Sagar Shinde | C7: 39130 | D7: 3500 | E7: 2 | F7: =D7*E7 -> 7000 | G7: =6-E7 -> 4 | H7: =D7*G7 -> 14000 | I7: Paid | J7: Paid | K7: Due | L7: Due | M7: Due | N7: Due
A8: C2-006 | B8: Pallavi Kulkarni | C8: 38685 | D8: 3500 | E8: 1 | F8: =D8*E8 -> 3500 | G8: =6-E8 -> 5 | H8: =D8*G8 -> 17500 | I8: Paid | J8: Due | K8: Due | L8: Due | M8: Due | N8: Due
A9: C2-007 | B9: Arjun Malviya | C9: 38813 | D9: 3500 | E9: 4 | F9: =D9*E9 -> 14000 | G9: =6-E9 -> 2 | H9: =D9*G9 -> 7000 | I9: Paid | J9: Paid | K9: Paid | L9: Paid | M9: Due | N9: Due
A10: C2-008 | B10: Ritu Saxena | C10: 39285 | D10: 3500 | E10: 5 | F10: =D10*E10 -> 17500 | G10: =6-E10 -> 1 | H10: =D10*G10 -> 3500 | I10: Paid | J10: Paid | K10: Paid | L10: Paid | M10: Paid | N10: Due
A11: C2-009 | B11: Deepak Tiwari | C11: 38728 | D11: 3500 | E11: 4 | F11: =D11*E11 -> 14000 | G11: =6-E11 -> 2 | H11: =D11*G11 -> 7000 | I11: Paid | J11: Paid | K11: Paid | L11: Paid | M11: Due | N11: Due
A12: C2-010 | B12: Ananya Roy | C12: 38496 | D12: 3500 | E12: 2 | F12: =D12*E12 -> 7000 | G12: =6-E12 -> 4 | H12: =D12*G12 -> 14000 | I12: Paid | J12: Paid | K12: Due | L12: Due | M12: Due | N12: Due
A13: C2-011 | B13: Manish Rathod | C13: 38998 | D13: 3500 | E13: 4 | F13: =D13*E13 -> 14000 | G13: =6-E13 -> 2 | H13: =D13*G13 -> 7000 | I13: Paid | J13: Paid | K13: Paid | L13: Paid | M13: Due | N13: Due
A14: C2-012 | B14: Priti Naik | C14: 39430 | D14: 3500 | E14: 3 | F14: =D14*E14 -> 10500 | G14: =6-E14 -> 3 | H14: =D14*G14 -> 10500 | I14: Paid | J14: Paid | K14: Paid | L14: Due | M14: Due | N14: Due
... A24: C2-022 | B24: Snehal Joshi | C24: 38482 | D24: 3500 | E24: 2 | F24: =D24*E24 -> 7000 | G24: =6-E24 -> 4 | H24: =D24*G24 -> 14000 | I24: Paid | J24: Paid | K24: Due | L24: Due | M24: Due | N24: Due

Sheet Machine Learning
A1: Machine Learning | B1: Total No. of Student & Fee | C1: =COUNTA(A3:A18) -> 16 | D1: =SUM(D3:D18)*8 -> 640000 | F1: =SUM(F3:F18) -> 575000 | H1: =SUM(H3:H18) -> 65000 | O1: Dashboard
A2: Roll No. | B2: Student Name | C2: DOB | D2: Monthly Fee | E2: Total Paid Monthly | F2: Total Fee Receive | G2: Total Due Month | H2: Total Fee Due | I2: FEB | J2: MAR | K2: APR | L2: MAY | M2: JUN | N2: JUL | O2: AUG | P2: SEP
A3: C3-001 | B3: Pranav Kuldeep | C3: 39443 | D3: 5000 | E3: 7 | F3: =D3*E3 -> 35000 | G3: =8-E3 -> 1 | H3: =D3*G3 -> 5000 | I3: Paid | J3: Paid | K3: Paid | L3: Paid | M3: Paid | N3: Paid | O3: Paid | P3: Due
A4: C3-002 | B4: Snehal Joshi | C4: 38509 | D4: 5000 | E4: 8 | F4: =D4*E4 -> 40000 | G4: =8-E4 -> 0 | H4: =D4*G4 -> 0 | I4: Paid | J4: Paid | K4: Paid | L4: Paid | M4: Paid | N4: Paid | O4: Paid | P4: Paid
A5: C3-003 | B5: Karan Bhat | C5: 38978 | D5: 5000 | E5: 7 | F5: =D5*E5 -> 35000 | G5: =8-E5 -> 1 | H5: =D5*G5 -> 5000 | I5: Paid | J5: Paid | K5: Paid | L5: Paid | M5: Paid | N5: Paid | O5: Paid | P5: Due
A6: C3-004 | B6: Rupal Solanki | C6: 39086 | D6: 5000 | E6: 6 | F6: =D6*E6 -> 30000 | G6: =8-E6 -> 2 | H6: =D6*G6 -> 10000 | I6: Paid | J6: Paid | K6: Paid | L6: Paid | M6: Paid | N6: Paid | O6: Due | P6: Due
A7: C3-005 | B7: Omkar Sawant | C7: 38681 | D7: 5000 | E7: 7 | F7: =D7*E7 -> 35000 | G7: =8-E7 -> 1 | H7: =D7*G7 -> 5000 | I7: Paid | J7: Paid | K7: Paid | L7: Paid | M7: Paid | N7: Paid | O7: Paid | P7: Due
A8: C3-006 | B8: Tanuja More | C8: 38815 | D8: 5000 | E8: 8 | F8: =D8*E8 -> 40000 | G8: =8-E8 -> 0 | H8: =D8*G8 -> 0 | I8: Paid | J8: Paid | K8: Paid | L8: Paid | M8: Paid | N8: Paid | O8: Paid | P8: Paid
A9: C3-007 | B9: Abhishek Rana | C9: 39278 | D9: 5000 | E9: 6 | F9: =D9*E9 -> 30000 | G9: =8-E9 -> 2 | H9: =D9*G9 -> 10000 | I9: Paid | J9: Paid | K9: Paid | L9: Paid | M9: Paid | N9: Paid | O9: Due | P9: Due
A10: C3-008 | B10: Monika Aggarwal | C10: 38760 | D10: 5000 | E10: 7 | F10: =D10*E10 -> 35000 | G10: =8-E10 -> 1 | H10: =D10*G10 -> 5000 | I10: Paid | J10: Paid | K10: Paid | L10: Paid | M10: Paid | N10: Paid | O10: Paid | P10: Due
A11: C3-009 | B11: Shubham Kulkarni | C11: 38501 | D11: 5000 | E11: 8 | F11: =D11*E11 -> 40000 | G11: =8-E11 -> 0 | H11: =D11*G11 -> 0 | I11: Paid | J11: Paid | K11: Paid | L11: Paid | M11: Paid | N11: Paid | O11: Paid | P11: Paid
A12: C3-010 | B12: Nandini Chatterjee | C12: 39000 | D12: 5000 | E12: 6 | F12: =D12*E12 -> 30000 | G12: =8-E12 -> 2 | H12: =D12*G12 -> 10000 | I12: Paid | J12: Paid | K12: Paid | L12: Paid | M12: Paid | N12: Paid | O12: Due | P12: Due
A13: C3-011 | B13: Rohit Borse | C13: 39440 | D13: 5000 | E13: 7 | F13: =D13*E13 -> 35000 | G13: =8-E13 -> 1 | H13: =D13*G13 -> 5000 | I13: Paid | J13: Paid | K13: Paid | L13: Paid | M13: Paid | N13: Paid | O13: Paid | P13: Due
A14: C3-012 | B14: Piyush Tripathi | C14: 38506 | D14: 5000 | E14: 8 | F14: =D14*E14 -> 40000 | G14: =8-E14 -> 0 | H14: =D14*G14 -> 0 | I14: Paid | J14: Paid | K14: Paid | L14: Paid | M14: Paid | N14: Paid | O14: Paid | P14: Paid
... A18: C3-016 | B18: Tejaswini Patil | C18: 38814 | D18: 5000 | E18: 8 | F18: =D18*E18 -> 40000 | G18: =8-E18 -> 0 | H18: =D18*G18 -> 0 | I18: Paid | J18: Paid | K18: Paid | L18: Paid | M18: Paid | N18: Paid | O18: Paid | P18: Paid

Sheet AI
A1: AI | B1: Total No. of Student & Fee | C1: =COUNTA(A3:A29) -> 27 | D1: =SUM(D3:D29)*4 -> 756000 | F1: =SUM(F3:F29) -> 693000 | H1: =SUM(H3:H29) -> 63000 | K1: Dashboard
A2: Roll No. | B2: Student Name | C2: DOB | D2: Monthly Fee | E2: Total Paid Monthly | F2: Total Fee Receive | G2: Total Due Month | H2: Total Fee Due | I2: FEB | J2: MAR | K2: APR | L2: MAY
A3: C4-001 | B3: Vikas Shetty | C3: 39313 | D3: 7000 | E3: 4 | F3: =D3*E3 -> 28000 | G3: =4-E3 -> 0 | H3: =D3*G3 -> 0 | I3: Paid | J3: Paid | K3: Paid | L3: Paid
A4: C4-002 | B4: Swati Kulkarni | C4: 38759 | D4: 7000 | E4: 4 | F4: =D4*E4 -> 28000 | G4: =4-E4 -> 0 | H4: =D4*G4 -> 0 | I4: Paid | J4: Paid | K4: Paid | L4: Paid
A5: C4-003 | B5: Anil Rawat | C5: 38498 | D5: 7000 | E5: 4 | F5: =D5*E5 -> 28000 | G5: =4-E5 -> 0 | H5: =D5*G5 -> 0 | I5: Paid | J5: Paid | K5: Paid | L5: Paid
A6: C4-004 | B6: Kriti Malviya | C6: 38999 | D6: 7000 | E6: 4 | F6: =D6*E6 -> 28000 | G6: =4-E6 -> 0 | H6: =D6*G6 -> 0 | I6: Paid | J6: Paid | K6: Paid | L6: Paid
A7: C4-005 | B7: Nayan Joshi | C7: 39430 | D7: 7000 | E7: 4 | F7: =D7*E7 -> 28000 | G7: =4-E7 -> 0 | H7: =D7*G7 -> 0 | I7: Paid | J7: Paid | K7: Paid | L7: Paid
A8: C4-006 | B8: Reema Pillai | C8: 38508 | D8: 7000 | E8: 4 | F8: =D8*E8 -> 28000 | G8: =4-E8 -> 0 | H8: =D8*G8 -> 0 | I8: Paid | J8: Paid | K8: Paid | L8: Paid
A9: C4-007 | B9: Pratik Deshpande | C9: 38980 | D9: 7000 | E9: 4 | F9: =D9*E9 -> 28000 | G9: =4-E9 -> 0 | H9: =D9*G9 -> 0 | I9: Paid | J9: Paid | K9: Paid | L9: Paid
A10: C4-008 | B10: Shraddha Patankar | C10: 39143 | D10: 7000 | E10: 4 | F10: =D10*E10 -> 28000 | G10: =4-E10 -> 0 | H10: =D10*G10 -> 0 | I10: Paid | J10: Paid | K10: Paid | L10: Paid
A11: C4-009 | B11: Sohan Negi | C11: 38684 | D11: 7000 | E11: 4 | F11: =D11*E11 -> 28000 | G11: =4-E11 -> 0 | H11: =D11*G11 -> 0 | I11: Paid | J11: Paid | K11: Paid | L11: Paid
A12: C4-010 | B12: Aishwarya Kulkarni | C12: 38815 | D12: 7000 | E12: 4 | F12: =D12*E12 -> 28000 | G12: =4-E12 -> 0 | H12: =D12*G12 -> 0 | I12: Paid | J12: Paid | K12: Paid | L12: Paid
A13: C4-011 | B13: Hemant Choudhary | C13: 39280 | D13: 7000 | E13: 4 | F13: =D13*E13 -> 28000 | G13: =4-E13 -> 0 | H13: =D13*G13 -> 0 | I13: Paid | J13: Paid | K13: Paid | L13: Paid
A14: C4-012 | B14: Bhavana Rao | C14: 38758 | D14: 7000 | E14: 4 | F14: =D14*E14 -> 28000 | G14: =4-E14 -> 0 | H14: =D14*G14 -> 0 | I14: Paid | J14: Paid | K14: Paid | L14: Paid
... A29: C4-027 | B29: Sejal Mehta | C29: 38978 | D29: 7000 | E29: 3 | F29: =D29*E29 -> 21000 | G29: =4-E29 -> 1 | H29: =D29*G29 -> 7000 | I29: Paid | J29: Paid | K29: Paid | L29: Due

Sheet Cyber Security
A1: Cyber Security | B1: Total No. of Student & Fee | C1: =COUNTA(A3:A12) -> 10 | D1: =SUM(D3:D12)*4 -> 180000 | F1: =SUM(F3:F12) -> 144000 | H1: =SUM(H3:H12) -> 36000 | K1: Dashboard
A2: Roll No. | B2: Student Name | C2: DOB | D2: Monthly Fee | E2: Total Paid Monthly | F2: Total Fee Receive | G2: Total Due Month | H2: Total Fee Due | I2: FEB | J2: MAR | K2: APR | L2: MAY
A3: C5-001 | B3: Parth Shinde | C3: 39086 | D3: 4500 | E3: 4 | F3: =D3*E3 -> 18000 | G3: =4-E3 -> 0 | H3: =D3*G3 -> 0 | I3: Paid | J3: Paid | K3: Paid | L3: Paid
A4: C5-002 | B4: Neelam Rathore | C4: 38681 | D4: 4500 | E4: 3 | F4: =D4*E4 -> 13500 | G4: =4-E4 -> 1 | H4: =D4*G4 -> 4500 | I4: Paid | J4: Paid | K4: Paid | L4: Due
A5: C5-003 | B5: Rutuja Patil | C5: 38815 | D5: 4500 | E5: 3 | F5: =D5*E5 -> 13500 | G5: =4-E5 -> 1 | H5: =D5*G5 -> 4500 | I5: Paid | J5: Paid | K5: Paid | L5: Due
A6: C5-004 | B6: Shailesh Gupta | C6: 39278 | D6: 4500 | E6: 3 | F6: =D6*E6 -> 13500 | G6: =4-E6 -> 1 | H6: =D6*G6 -> 4500 | I6: Paid | J6: Paid | K6: Paid | L6: Due
A7: C5-005 | B7: Aniket Jadhav | C7: 38760 | D7: 4500 | E7: 4 | F7: =D7*E7 -> 18000 | G7: =4-E7 -> 0 | H7: =D7*G7 -> 0 | I7: Paid | J7: Paid | K7: Paid | L7: Paid
A8: C5-006 | B8: Pooja Arvind | C8: 38501 | D8: 4500 | E8: 4 | F8: =D8*E8 -> 18000 | G8: =4-E8 -> 0 | H8: =D8*G8 -> 0 | I8: Paid | J8: Paid | K8: Paid | L8: Paid
A9: C5-007 | B9: Nupur Bansal | C9: 39000 | D9: 4500 | E9: 4 | F9: =D9*E9 -> 18000 | G9: =4-E9 -> 0 | H9: =D9*G9 -> 0 | I9: Paid | J9: Paid | K9: Paid | L9: Paid
A10: C5-008 | B10: Sameer Shaikh | C10: 39440 | D10: 4500 | E10: 3 | F10: =D10*E10 -> 13500 | G10: =4-E10 -> 1 | H10: =D10*G10 -> 4500 | I10: Paid | J10: Paid | K10: Paid | L10: Due
A11: C5-009 | B11: Kavita Joshi | C11: 38506 | D11: 4500 | E11: 2 | F11: =D11*E11 -> 9000 | G11: =4-E11 -> 2 | H11: =D11*G11 -> 9000 | I11: Paid | J11: Paid | K11: Due | L11: Due
A12: C5-010 | B12: Sandeep Patole | C12: 38977 | D12: 4500 | E12: 2 | F12: =D12*E12 -> 9000 | G12: =4-E12 -> 2 | H12: =D12*G12 -> 9000 | I12: Paid | J12: Paid | K12: Due | L12: Due

Sheet DEV-OPS
A1: DEV-OPS | B1: Total No. of Student & Fee | C1: =COUNTA(A3:A18) -> 16 | D1: =SUM(D3:D18)*6 -> 384000 | F1: =SUM(F3:F18) -> 312000 | H1: =SUM(H3:H18) -> 72000 | M1: Dashboard
A2: Roll No. | B2: Student Name | C2: DOB | D2: Monthly Fee | E2: Total Paid Monthly | F2: Total Fee Receive | G2: Total Due Month | H2: Total Fee Due | I2: FEB | J2: MAR | K2: APR | L2: MAY | M2: JUN | N2: JUL
A3: C6-001 | B3: Riya Sengupta | C3: 38788 | D3: 4000 | E3: 5 | F3: =D3*E3 -> 20000 | G3: =6-E3 -> 1 | H3: =D3*G3 -> 4000 | I3: Paid | J3: Paid | K3: Paid | L3: Paid | M3: Paid | N3: Due
A4: C6-002 | B4: Mahesh Koli | C4: 38558 | D4: 4000 | E4: 4 | F4: =D4*E4 -> 16000 | G4: =6-E4 -> 2 | H4: =D4*G4 -> 8000 | I4: Paid | J4: Paid | K4: Paid | L4: Paid | M4: Due | N4: Due
A5: C6-003 | B5: Saloni Trivedi | C5: 39100 | D5: 4000 | E5: 5 | F5: =D5*E5 -> 20000 | G5: =6-E5 -> 1 | H5: =D5*G5 -> 4000 | I5: Paid | J5: Paid | K5: Paid | L5: Paid | M5: Paid | N5: Due
A6: C6-004 | B6: Ajay Narayan | C6: 39030 | D6: 4000 | E6: 6 | F6: =D6*E6 -> 24000 | G6: =6-E6 -> 0 | H6: =D6*G6 -> 0 | I6: Paid | J6: Paid | K6: Paid | L6: Paid | M6: Paid | N6: Paid
A7: C6-005 | B7: Reema Pillai | C7: 38502 | D7: 4000 | E7: 5 | F7: =D7*E7 -> 20000 | G7: =6-E7 -> 1 | H7: =D7*G7 -> 4000 | I7: Paid | J7: Paid | K7: Paid | L7: Paid | M7: Paid | N7: Due
A8: C6-006 | B8: Pratik Deshpande | C8: 38943 | D8: 4000 | E8: 4 | F8: =D8*E8 -> 16000 | G8: =6-E8 -> 2 | H8: =D8*G8 -> 8000 | I8: Paid | J8: Paid | K8: Paid | L8: Paid | M8: Due | N8: Due
A9: C6-007 | B9: Shraddha Patankar | C9: 39115 | D9: 4000 | E9: 5 | F9: =D9*E9 -> 20000 | G9: =6-E9 -> 1 | H9: =D9*G9 -> 4000 | I9: Paid | J9: Paid | K9: Paid | L9: Paid | M9: Paid | N9: Due
A10: C6-008 | B10: Sohan Negi | C10: 38616 | D10: 4000 | E10: 6 | F10: =D10*E10 -> 24000 | G10: =6-E10 -> 0 | H10: =D10*G10 -> 0 | I10: Paid | J10: Paid | K10: Paid | L10: Paid | M10: Paid | N10: Paid
A11: C6-009 | B11: Aishwarya Kulkarni | C11: 38818 | D11: 4000 | E11: 5 | F11: =D11*E11 -> 20000 | G11: =6-E11 -> 1 | H11: =D11*G11 -> 4000 | I11: Paid | J11: Paid | K11: Paid | L11: Paid | M11: Paid | N11: Due
A12: C6-010 | B12: Hemant Choudhary | C12: 39443 | D12: 4000 | E12: 4 | F12: =D12*E12 -> 16000 | G12: =6-E12 -> 2 | H12: =D12*G12 -> 8000 | I12: Paid | J12: Paid | K12: Paid | L12: Paid | M12: Due | N12: Due
A13: C6-011 | B13: Bhavana Rao | C13: 38508 | D13: 4000 | E13: 4 | F13: =D13*E13 -> 16000 | G13: =6-E13 -> 2 | H13: =D13*G13 -> 8000 | I13: Paid | J13: Paid | K13: Paid | L13: Paid | M13: Due | N13: Due
A14: C6-012 | B14: Nilesh Pawar | C14: 39009 | D14: 4000 | E14: 5 | F14: =D14*E14 -> 20000 | G14: =6-E14 -> 1 | H14: =D14*G14 -> 4000 | I14: Paid | J14: Paid | K14: Paid | L14: Paid | M14: Paid | N14: Due
... A18: C6-016 | B18: Siddharth Kulkarni | C18: 38970 | D18: 4000 | E18: 5 | F18: =D18*E18 -> 20000 | G18: =6-E18 -> 1 | H18: =D18*G18 -> 4000 | I18: Paid | J18: Paid | K18: Paid | L18: Paid | M18: Paid | N18: Due

Sheet Full Stack Development
A1: Full Stack Development | B1: Total No. of Student & Fee | C1: =COUNTA(A3:A18) -> 16 | D1: =SUM(D3:D18)*8 -> 896000 | F1: =SUM(F3:F18) -> 791000 | H1: =SUM(H3:H18) -> 105000 | O1: Dashboard
A2: Roll No. | B2: Student Name | C2: DOB | D2: Monthly Fee | E2: Total Paid Monthly | F2: Total Fee Receive | G2: Total Due Month | H2: Total Fee Due | I2: FEB | J2: MAR | K2: APR | L2: MAY | M2: JUN | N2: JUL | O2: AUG | P2: SEP
A3: C7-001 | B3: Vinayak Patil | C3: 38684 | D3: 7000 | E3: 7 | F3: =D3*E3 -> 49000 | G3: =8-E3 -> 1 | H3: =D3*G3 -> 7000 | I3: Paid | J3: Paid | K3: Paid | L3: Paid | M3: Paid | N3: Paid | O3: Paid | P3: Due
A4: C7-002 | B4: Roshni Shah | C4: 38812 | D4: 7000 | E4: 8 | F4: =D4*E4 -> 56000 | G4: =8-E4 -> 0 | H4: =D4*G4 -> 0 | I4: Paid | J4: Paid | K4: Paid | L4: Paid | M4: Paid | N4: Paid | O4: Paid | P4: Paid
A5: C7-003 | B5: Nitin Chaudhary | C5: 39310 | D5: 7000 | E5: 7 | F5: =D5*E5 -> 49000 | G5: =8-E5 -> 1 | H5: =D5*G5 -> 7000 | I5: Paid | J5: Paid | K5: Paid | L5: Paid | M5: Paid | N5: Paid | O5: Paid | P5: Due
A6: C7-004 | B6: Komal Jadhav | C6: 38757 | D6: 7000 | E6: 8 | F6: =D6*E6 -> 56000 | G6: =8-E6 -> 0 | H6: =D6*G6 -> 0 | I6: Paid | J6: Paid | K6: Paid | L6: Paid | M6: Paid | N6: Paid | O6: Paid | P6: Paid
A7: C7-005 | B7: Suresh Yadav | C7: 38493 | D7: 7000 | E7: 6 | F7: =D7*E7 -> 42000 | G7: =8-E7 -> 2 | H7: =D7*G7 -> 14000 | I7: Paid | J7: Paid | K7: Paid | L7: Paid | M7: Paid | N7: Paid | O7: Due | P7: Due
A8: C7-006 | B8: Divya Arora | C8: 39003 | D8: 7000 | E8: 7 | F8: =D8*E8 -> 49000 | G8: =8-E8 -> 1 | H8: =D8*G8 -> 7000 | I8: Paid | J8: Paid | K8: Paid | L8: Paid | M8: Paid | N8: Paid | O8: Paid | P8: Due
A9: C7-007 | B9: Pranav Kuldeep | C9: 39443 | D9: 7000 | E9: 8 | F9: =D9*E9 -> 56000 | G9: =8-E9 -> 0 | H9: =D9*G9 -> 0 | I9: Paid | J9: Paid | K9: Paid | L9: Paid | M9: Paid | N9: Paid | O9: Paid | P9: Paid
A10: C7-008 | B10: Snehal Joshi | C10: 38509 | D10: 7000 | E10: 8 | F10: =D10*E10 -> 56000 | G10: =8-E10 -> 0 | H10: =D10*G10 -> 0 | I10: Paid | J10: Paid | K10: Paid | L10: Paid | M10: Paid | N10: Paid | O10: Paid | P10: Paid
A11: C7-009 | B11: Karan Bhat | C11: 38978 | D11: 7000 | E11: 7 | F11: =D11*E11 -> 49000 | G11: =8-E11 -> 1 | H11: =D11*G11 -> 7000 | I11: Paid | J11: Paid | K11: Paid | L11: Paid | M11: Paid | N11: Paid | O11: Paid | P11: Due
A12: C7-010 | B12: Rupal Solanki | C12: 39086 | D12: 7000 | E12: 7 | F12: =D12*E12 -> 49000 | G12: =8-E12 -> 1 | H12: =D12*G12 -> 7000 | I12: Paid | J12: Paid | K12: Paid | L12: Paid | M12: Paid | N12: Paid | O12: Paid | P12: Due
A13: C7-011 | B13: Omkar Sawant | C13: 38681 | D13: 7000 | E13: 6 | F13: =D13*E13 -> 42000 | G13: =8-E13 -> 2 | H13: =D13*G13 -> 14000 | I13: Paid | J13: Paid | K13: Paid | L13: Paid | M13: Paid | N13: Paid | O13: Due | P13: Due
A14: C7-012 | B14: Tanuja More | C14: 38815 | D14: 7000 | E14: 6 | F14: =D14*E14 -> 42000 | G14: =8-E14 -> 2 | H14: =D14*G14 -> 14000 | I14: Paid | J14: Paid | K14: Paid | L14: Paid | M14: Paid | N14: Paid | O14: Due | P14: Due
... A18: C7-016 | B18: Nandini Chatterjee | C18: 39000 | D18: 7000 | E18: 7 | F18: =D18*E18 -> 49000 | G18: =8-E18 -> 1 | H18: =D18*G18 -> 7000 | I18: Paid | J18: Paid | K18: Paid | L18: Paid | M18: Paid | N18: Paid | O18: Paid | P18: Due

Sheet Python
A1: Python | B1: Total No. of Student & Fee | C1: =COUNTA(A3:A19) -> 17 | D1: =SUM(D3:D19)*3 -> 153000 | F1: =SUM(F3:F19) -> 144000 | H1: =SUM(H3:H19) -> 9000 | J1: Dashboard
A2: Roll No. | B2: Student Name | C2: DOB | D2: Monthly Fee | E2: Total Paid Monthly | F2: Total Fee Receive | G2: Total Due Month | H2: Total Fee Due | I2: FEB | J2: MAR | K2: APR
A3: C8-001 | B3: Piyush Tripathi | C3: 38506 | D3: 3000 | E3: 3 | F3: =D3*E3 -> 9000 | G3: =3-E3 -> 0 | H3: =D3*G3 -> 0 | I3: Paid | J3: Paid | K3: Paid
A4: C8-002 | B4: Ankita Salunkhe | C4: 38977 | D4: 3000 | E4: 3 | F4: =D4*E4 -> 9000 | G4: =3-E4 -> 0 | H4: =D4*G4 -> 0 | I4: Paid | J4: Paid | K4: Paid
A5: C8-003 | B5: Sumeet Gawande | C5: 39142 | D5: 3000 | E5: 3 | F5: =D5*E5 -> 9000 | G5: =3-E5 -> 0 | H5: =D5*G5 -> 0 | I5: Paid | J5: Paid | K5: Due
A6: C8-004 | B6: Alka Verma | C6: 38678 | D6: 3000 | E6: 3 | F6: =D6*E6 -> 9000 | G6: =3-E6 -> 0 | H6: =D6*G6 -> 0 | I6: Paid | J6: Paid | K6: Paid
A7: C8-005 | B7: Tejaswini Patil | C7: 38814 | D7: 3000 | E7: 3 | F7: =D7*E7 -> 9000 | G7: =3-E7 -> 0 | H7: =D7*G7 -> 0 | I7: Paid | J7: Paid | K7: Paid
A8: C8-006 | B8: Vikas Shetty | C8: 39313 | D8: 3000 | E8: 3 | F8: =D8*E8 -> 9000 | G8: =3-E8 -> 0 | H8: =D8*G8 -> 0 | I8: Paid | J8: Paid | K8: Paid
A9: C8-007 | B9: Swati Kulkarni | C9: 38759 | D9: 3000 | E9: 3 | F9: =D9*E9 -> 9000 | G9: =3-E9 -> 0 | H9: =D9*G9 -> 0 | I9: Paid | J9: Paid | K9: Paid
A10: C8-008 | B10: Anil Rawat | C10: 38498 | D10: 3000 | E10: 3 | F10: =D10*E10 -> 9000 | G10: =3-E10 -> 0 | H10: =D10*G10 -> 0 | I10: Paid | J10: Paid | K10: Paid
A11: C8-009 | B11: Kriti Malviya | C11: 38999 | D11: 3000 | E11: 2 | F11: =D11*E11 -> 6000 | G11: =3-E11 -> 1 | H11: =D11*G11 -> 3000 | I11: Paid | J11: Paid | K11: Due
A12: C8-010 | B12: Nayan Joshi | C12: 39430 | D12: 3000 | E12: 3 | F12: =D12*E12 -> 9000 | G12: =3-E12 -> 0 | H12: =D12*G12 -> 0 | I12: Paid | J12: Paid | K12: Paid
A13: C8-011 | B13: Reema Pillai | C13: 38508 | D13: 3000 | E13: 2 | F13: =D13*E13 -> 6000 | G13: =3-E13 -> 1 | H13: =D13*G13 -> 3000 | I13: Paid | J13: Paid | K13: Due
A14: C8-012 | B14: Pratik Deshpande | C14: 38980 | D14: 3000 | E14: 3 | F14: =D14*E14 -> 9000 | G14: =3-E14 -> 0 | H14: =D14*G14 -> 0 | I14: Paid | J14: Paid | K14: Paid
... A19: C8-017 | B19: Bhavana Rao | C19: 38758 | D19: 3000 | E19: 3 | F19: =D19*E19 -> 9000 | G19: =3-E19 -> 0 | H19: =D19*G19 -> 0 | I19: Paid | J19: Paid | K19: Paid
